count,tweet,from,to
0,@afrkml @sanantaftr Ners nanya dong. Hari keberapa ners nya swab setelah anosmia?  Maksud saya itu swab hari keberapa hasilnya negatif ya?,mikhaelpermanto,afrkml
1,@afrkml Oh gitu ya Alhamdulillah tercerahkan (hampir panik) makasih ners ğŸ˜Š semoga lekas sembuh anosmianya ğŸ™,sanantaftr,afrkml
2,@afrkml Ners izin share ğŸ™,fankooky,afrkml
3,@afrkml Ya allah masih ada,sweetxgrass,afrkml
4,@mikhaelpermanto @sanantaftr 14 hari setelah swab pertama atau 7 hari setelah anosmia,afrkml,mikhaelpermanto
5,@mikhaelpermanto Sip kak. Aku cek dulu ya. ^WA,ovo_id,mikhaelpermanto
6,@sanantaftr SEMONGKOOOO,miftaaahhhhh,sanantaftr
7,@sanantaftr gws sipaa anantaaaâ£ï¸â£ï¸â£ï¸â£ï¸,miftaaahhhhh,sanantaftr
8,"@sanantaftr Tidak. Ya dari hasil swabnya ğŸ˜„
Saya negatif, tp masih anosmia

Sebenarnya definisi sembuh utk COVID-19â€¦ https://t.co/mpSnzE87n2",afrkml,sanantaftr
9,Tp gue masih harus bersyukur sih karena.. dr awal kena c19 Indra perasa gue berjalan sebagaimana fungsinya. Jadi maâ€¦ https://t.co/CwmysmqgRk,sanantaftr,sanantaftr
10,@sanantaftr oi cepet pulih yak minum zinc sama vitamin d sip,ginadys,sanantaftr
11,@sanantaftr Di sana jauh pokoknyaa,anggunpermata_,sanantaftr
12,"@sanantaftr Tahhh ieu! Walo sedeket apapun, keluarga ato temen. Asa ngeselin dahh klo ampe kepo liat2 chat",miftaaahhhhh,sanantaftr
13,@sanantaftr Singkat padat jelas wkwkw,bagasardys,sanantaftr
14,@sanantaftr SPJ bgt ini ğŸ˜„,bagasardys,sanantaftr
15,"@sanantaftr @pendakilawas Wahahaha gue juga pernah. Bahkan pas gue masih ngejabat saking minimnya SDM, mau ga mau gâ€¦ https://t.co/8I86zcx6gP",simaratin,sanantaftr
16,@sanantaftr Gws cuy,antokwcksn,sanantaftr
17,"@sanantaftr haaaa,?!? gmna gimna ini jadinyaaa?!!! kok guee gatauu  sipaaa",kjanniii,sanantaftr
18,@sanantaftr Udah berapa hari sipp?,Klarenciacia,sanantaftr
19,@sanantaftr Ipullllll:(( tetep kuat yaaağŸ’ª God bless,Klarenciacia,sanantaftr
20,"@sanantaftr sama sama sistaa, biar cepet kumpul lagi keluarganyağŸ’™",simaratin,sanantaftr
21,"@sanantaftr mangaat sistt, cepet sembuh!!!!",simaratin,sanantaftr
22,"@sanantaftr Aamiin ya robbal alamiin, semangat sip!",dinnputrs,sanantaftr
23,"@sanantaftr Haduh ya Allah, semoga sekeluarga sehat terus sentosa sip aamiin",dinnputrs,sanantaftr
24,@sanantaftr Heh sipongggg sehat kannnn?,dinnputrs,sanantaftr
25,@sanantaftr Ngapa lagi lu wkwk,bagasardys,sanantaftr
26,@sanantaftr hidup buruh wkwk,dwihrynto,sanantaftr
27,@sanantaftr Yang ini bagus bgt mba cipa abisnya ğŸ¤«,hazznm,sanantaftr
28,@sanantaftr wkkwk itu ruqyah anjer bukan bekam,miftaaahhhhh,sanantaftr
29,"@sanantaftr Bekam enak wkwk tp smsm sakit, tp enakeun",miftaaahhhhh,sanantaftr
30,@sanantaftr ğŸ‘ğŸ» *biar kek bapak2 balesnya emot jempol aja*,miftaaahhhhh,sanantaftr
31,"@sanantaftr Kebijakannya sekarang begitu, grgr yg kasus di galaxy kemaren. Jd pada gabole tutup kelamaan",miftaaahhhhh,sanantaftr
32,@sanantaftr Promo ceunah mahhhh 78% wkwk,bagasardys,sanantaftr
33,"@sanantaftr iya haha udah jenuh bgt gue, minggu ini nyok wkwkw
kalo tempat gue gak punya referensi, paling ps. reunâ€¦ https://t.co/KOTobSdlc9",simaratin,sanantaftr
34,@sanantaftr cuy ngecamp yu :(,simaratin,sanantaftr
35,@sanantaftr jd ttp ngajuin duluan apa nunggu dicancel ajasih?,miftaaahhhhh,sanantaftr
36,"@sanantaftr Wkkww kaga gua waktu itu beli tiket promo ke malay buat bulan juni, trs pandemi kan di reschedule ke okâ€¦ https://t.co/JYWXwHjfmI",miftaaahhhhh,sanantaftr
37,@sanantaftr Itu nunggu pesawatnya yg cancel tiket apa kita yg kudu ngajuin?,miftaaahhhhh,sanantaftr
38,Inituh maksudnya ada yg nanya loker ke gue. Tapi ga terima pas gue blg lagi susah karena pandemi. Yaaa nyatanya emgâ€¦ https://t.co/nXdlEGBkmF,sanantaftr,sanantaftr
39,@sanantaftr Ni allianz buka lowongan https://t.co/fw8Dzfhwgk,miftaaahhhhh,sanantaftr
40,@sanantaftr mantap euy,dwihrynto,sanantaftr
41,@sanantaftr setuuujuukk,kjanniii,sanantaftr
42,"@sanantaftr dah gitu gila setelahnya, yok mantapp",kjanniii,sanantaftr
43,"@sanantaftr Seru amat ni boss, jd mo nanya2 banyak ama opal ğŸ¤£",hazznm,sanantaftr
44,"@fankooky Hi Fankooky, mohon maaf atas hal ini, untuk info detailnya DM Maya ya :) Thanks #M177",myXLCare,fankooky
45,@fankooky @erickmanurung Anjirr bengek wkwkwk,Seokkookie25,fankooky
46,"@fankooky @ernestprakasa Belum kak, kita masih lewat WA ğŸ™†",Cherry9922998,fankooky
47,"@fankooky Bismillah je tetep peke protokol kesehatan aja...
Jangan lupa juga banyak yang sembuh kok. Tetep semangatâ€¦ https://t.co/ydEcLdnI0F",watashiwameow,fankooky
48,"Bahkan baru2 ini ada yg sekeluarga positif juga dan herannya org2 masih bnyk bgt yg ga pake masker ğŸ˜­
Stay safe semua :"")",fankooky,fankooky
49,@fankooky Abang gue,Hariztsyah_14,fankooky
50,@fankooky Hayoh loh,8balJrOfficial,fankooky
51,@fankooky @sixeulov @mmonijoonie SAMA WOYY PAS NYOSOR KAGET,Seokkookie25,fankooky
52,"@fankooky Hehe terimakasih pije . Semangat juga untuk lu, you can do it kawan ğŸ˜‡",astrid_ariyanti,fankooky
53,@fankooky @Prambors Yuukk ahhh ikutan wkwk,Seokkookie25,fankooky
54,@fankooky @tidakpakesoftex ini ya kak https://t.co/XnwGybVG46,Ce_Shalsa,fankooky
55,@fankooky gua jd inget polisi jey pas liputanğŸ˜‚,naainaaa_,fankooky
56,@fankooky @kijanghijiganti IYAA BETUL BANGGA BNGT SAMPE2 NIH GUE CERITA KE ORANG2 (zaman nya SMP polos) GUE PERNAHâ€¦ https://t.co/UuD4Z4hYhA,Seokkookie25,fankooky
57,"@fankooky @kijanghijiganti KELAS 8 KALO GASALAH KUJUNGAN NYA, IYAA BENER BNGT DI WAJIBIN BAWA BUKU TULIS, KELILING2â€¦ https://t.co/m3tK1CYfJH",Seokkookie25,fankooky
58,@fankooky Kalah telak pesona aku sma yg glowing2 mulus macem ubin masjid,Seokkookie25,fankooky
59,@fankooky di https://t.co/1A9uKvEV1D huahaha,jeniferwirawan,fankooky
60,@fankooky @shitlicious Nanti tak temenin nyari jaket yg proper mbak,imranALIF,fankooky
61,"Soalnya pas pindahan dibantuin dia ğŸ˜­ğŸ˜­ğŸ˜­ğŸ˜­

Hidup gini amat woy ğŸ˜­",fankooky,fankooky
62,@fankooky @ArnoldPoernomo ini kak https://t.co/uhEkDfHA0c,akuuuinii,fankooky
63,"@fankooky @jiemiardian Itu lah sya, ah  jdi malu hahaha",Seokkookie25,fankooky
64,@sweetxgrass @ncitybase_ Kesian itu teh nama diağŸ˜­bnyk yg make,kimnblxcy,sweetxgrass
65,"@sweetxgrass @chocoowmint @fllbetter_ @collegemenfess ceritaku sama mantanku jg udh dibuat wattpad sm temenku kak,â€¦ https://t.co/lv0RpITlQ4",cloudeeruto,sweetxgrass
66,"@ncitybase_ Aku gak mau kayak yg ada di fandom ku sekrang terjadi fandom ini, kita tetep bisa seneng-seneng kok bucâ€¦ https://t.co/ViMv4DYGuk",sweetxgrass,sweetxgrass
67,@sweetxgrass hah?? wrwr ok tpi gue sbnrny cman tnya transletan dri bing nya itu doang si soalny kmrin tu lwat trus gue gregetan gtau artinya,jaemscout,sweetxgrass
68,"@sweetxgrass gtau si,, org org pda nyanbung nya si ke lagu itu,, tpi gue gpaham aja tu b indo ny gmn",jaemscout,sweetxgrass
69,@sweetxgrass that's his necklace!,jaemintography,sweetxgrass
70,@nattayu Eh aku gak tau kamu bakalan ngerti atau gak tapi selamat ya kita berjuang,sweetxgrass,sweetxgrass
71,"Jisung : he's crying on the phone

Chenle : it's you badass",sweetxgrass,sweetxgrass
72,@sweetxgrass @rdhmuhamad @AksiLangsung Sama:(,Angelwoiii,sweetxgrass
73,"@sweetxgrass @AksiLangsung Mungkin bahasa kitanya ""kalau ada yg nyenggol gov nnti gue counter""",rdhmuhamad,sweetxgrass
74,Tau gitu pas ketemu tuh gue pengen aarrghhh bokap gue. Kek EDAN LU ANJIM,sweetxgrass,sweetxgrass
75,Gue baru tau kemaren dari cerita bibi gue kalo selama 6 bulan itu bokap gue jarang ngasih duit ke nyokap gue. Panteâ€¦ https://t.co/JgBOufoY77,sweetxgrass,sweetxgrass
76,Eh tapi - gue disuruh duduk di jok belakang dong. Padahal biasanya kalo bokap bawa mobil gue yang duduk di depan atâ€¦ https://t.co/OkBHX26Rm9,sweetxgrass,sweetxgrass
77,"Bokap gue jg kaget pas gue ngechat tau2 udah ada distasiun gambir, buru2lah bokap gue itu mau jemput gue di stasiunâ€¦ https://t.co/bmkfkKpHzg",sweetxgrass,sweetxgrass
78,"Nah gue ngechat bokap gue, susah banget asli dapet no nya. Gue bela2in minta ke temen bokap gue karena sodara2 punâ€¦ https://t.co/Jfy4qJs0yY",sweetxgrass,sweetxgrass
79,"Kebetulan gue itu mau ikutan audisi xfactor, gue gak jago nyayi sih cuman gw penasaran aja gimana sih rasanya audisâ€¦ https://t.co/AnvWRNAFJ8",sweetxgrass,sweetxgrass
80,Jadi ceritanya gue ini karena saking sibuknya disekolah gak ngeh gak nyadar bahwa bapak gue itu udah 6 bulan gak puâ€¦ https://t.co/SpqMOTTS97,sweetxgrass,sweetxgrass
81,Kalau kalian udah pernah nonton the world of the married pasti tau dong pas si anak nya ngerasa kebingungan harus pâ€¦ https://t.co/sYXpguATyv,sweetxgrass,sweetxgrass
82,Udah lama sih ceritanya dan gue juga belum cerita ke siapa-siapa soalnya gak berani. Gue juga lagi diambang yang coâ€¦ https://t.co/z4bFTmQczg,sweetxgrass,sweetxgrass
83,"Gak tau aku nyerah, nyerah ngadepin mereka. Gak tau abisnya",sweetxgrass,sweetxgrass
84,"Kalo sekali ngobrol sama mereka langsung nyindir sekaligus, ada yg gak pake bahasa tapi aku terlalu peka sama gerakâ€¦ https://t.co/M0moKt7sDF",sweetxgrass,sweetxgrass
85,"Sumpah lingkungan aku disini bener2 deh kalo gak gibah, kalo gak bikin kata2 di wa rasanya gak hidup",sweetxgrass,sweetxgrass
86,"Akhir-akhir ini aja liat yang receh dikit ketawa saking kesepianya. Temen punya sih tp takut ganggu sibuk juga, mauâ€¦ https://t.co/JAf0bpAmkC",sweetxgrass,sweetxgrass
87,"Tapi kepala bawaanya pusing terus tiap hari depan laptop, kalau gak gini yah mau gimana lagi. Ke struggle gak tau mâ€¦ https://t.co/YUhofOiZg6",sweetxgrass,sweetxgrass
88,*abis akad,sweetxgrass,sweetxgrass
89,@sweetxgrass Haha aduh jauh.. Tp makasih yaa,bukancamel,sweetxgrass
90,"SM has 2 new buildings, so many artist from 1997,kerjasama dengan banyak orang. SUMAN IS RICH BOY DON'T WORRY THEY STILL HAVE MONEY",sweetxgrass,sweetxgrass
91,@sweetxgrass Sumpah kl dengerin lagu anak nct wayv buat bljr bukannya belajar malah joget. Apalagi bds,lucasmybby,sweetxgrass
92,"Even kata jaehyun aja eh lupa gw pokok nya itu, bahwa lagu nct itu teryata kalau udah didengerin 2x baru bisa nyantâ€¦ https://t.co/4EUITaM8qA",sweetxgrass,sweetxgrass
93,"@sweetxgrass @raainnf @yafaliaa @sound_of_rose @namaku_Fath ""Lebok tah anyiing""",freakyignore,sweetxgrass
94,"@sweetxgrass @subtanyarl WKWKWKKW asliii dulu tuh aku barbar banget, keknya seangkatan tau aku anaknya barbar bangett + kekoreaan",todays_sunbeam,sweetxgrass
95,@sweetxgrass @weareoneEXO Kamu tidak sendiri sayang,piyak120494,sweetxgrass
96,"""Itu anu- aku td nya minta km jemput buat nganterin aku pulang""
""Kmu dimana?""
""Di smtown mart""
""Pagi gini ?""
""Aku aâ€¦ https://t.co/j3vsYTLKkb",sweetxgrass,sweetxgrass
97,"Jika kaum itu sendiri tidak berubah.

Ada yang bantu,lu gak sendiri.",sweetxgrass,sweetxgrass
98,Get well soon loser ğŸ¤§ from the loser,sweetxgrass,sweetxgrass
99,"Explain : jadi, kalau ada orang yang bilang ""lo kalau pake itu gendutan"" mereka sebenernya ngeliat diri mereka sendâ€¦ https://t.co/jehlum9wa7",sweetxgrass,sweetxgrass
100,YOU DON'T FEEL WHAT I'M FEEL. Selamanya girl selamanya dude kadang ortu lo atau org2 terdekat lo yg setiap hari samâ€¦ https://t.co/pWLwJSXkop,sweetxgrass,sweetxgrass
101,ARE YOU TIRED ? DAMN SEMUA JUGA CAPEK DICIPTAIIN MALAM ITU UNTUK WAKTU ISTIRAHAT BUKAN OVERTHINKING,sweetxgrass,sweetxgrass
102,ARE YOU ALONE ? YOU'RE NOT ANYMORE. LISTEN TO MUSIC WILL BEAT YOU UP UNTIL YOU STUCK ON YOUR LUNGS. Example: gak biâ€¦ https://t.co/jDwD9iDkco,sweetxgrass,sweetxgrass
103,TALK TO YOURSELF. Example : eh lu tuh sebenernya worth it cuman lu gak tau (liat kaca) lu gak jelek2 amat wajah luâ€¦ https://t.co/2hW3itTef5,sweetxgrass,sweetxgrass
104,GIVE YOURSELF AWARD FROM YOURSELF. Example: ok gue bakal mendalami silabus selama 4 jam dan setelah itu gue harus mâ€¦ https://t.co/hK1sORhj5C,sweetxgrass,sweetxgrass
105,@sweetxgrass Aku ga nemu poto hc huhu,2307RJ,sweetxgrass
106,Hahahahah https://t.co/vvAleDFzsP,sweetxgrass,sweetxgrass
107,@nana_boomboom Isinya merek ngedate doangğŸ¤§ğŸ‘Œ,fullshan_,sweetxgrass
108,@cumicumieatmad0 @subtanyarl Yah kan bener bwhahahahahaha,sweetxgrass,sweetxgrass
109,@nana_boomboom Ada yg murah sampe mahal kak :) dari yg 20k sekilo sampe 150k. Disesuaikan budget sama kebutuhan kucingnya aja,Nyu2ThePigs,sweetxgrass
110,"@nana_boomboom Kasih df aja kak, mau ga? ğŸ˜‚",Nyu2ThePigs,sweetxgrass
111,@nana_boomboom @subtanyarl Jaman jamet,99DERYCH,sweetxgrass
112,"@nana_boomboom @MadDogTyong iyaaa , too muchhh ğŸ˜”",jaeyoonwife,sweetxgrass
113,"@nana_boomboom Iya, wkwkk..

Tapi di bio aku udh aku kasih kata fan account..",jlr__2323,sweetxgrass
114,"@nana_boomboom @MadDogTyong Masyaallah, maaf ukhti",ZhongChenle04,sweetxgrass
115,@nana_boomboom @faatimahazz @starfess ingett,gw_10_100,sweetxgrass
116,@nana_boomboom @collegemenfess Donor ati kalo ini nder,muciyaaa,sweetxgrass
117,"@nana_boomboom Iya hehe..ğŸ˜‚
Tapi untungnya gak ada yg ngirim dm mau ngirim menfess, cuma nanya doang ini base noren atU bukan..ğŸ˜­ğŸ˜­",jlr__2323,sweetxgrass
118,"@nana_boomboom @MadDogTyong Untungnya Allah baik, ga mencatat dosa sebelum benar benar di lakukanğŸ˜‰",ZhongChenle04,sweetxgrass
119,@Bukannnaku @collegemenfess Ok makasih infonya kak,sweetxgrass,sweetxgrass
120,@marksbrows @IkeCo4 @209jsuh LOVE SO MUCH ğŸ˜­ğŸ˜­ğŸ˜­,sweetxgrass,sweetxgrass
121,@piscesguerl @closetowhy @MUSIC_FESS Ya allah Ä·iraiin ada practice nya juga,sweetxgrass,sweetxgrass
122,"@nana_boomboom dulu pernah ada yang bilang juga ""lo rajin puasa sunnah tapi belum pake hijab ya?"" wow",reonjwincity,sweetxgrass
123,"@nana_boomboom @piscesguerl @closetowhy @MUSIC_FESS Engga, cuma emang nadanya miripğŸ˜­",changbimine,sweetxgrass
124,@nana_boomboom @collegemenfess Engga perlu,Bukannnaku,sweetxgrass
125,@nana_boomboom @IkeCo4 @209jsuh Same but do you not love chen ?,marksbrows,sweetxgrass
126,"@blissdyokyeom Jika dicakar/digigit koceng liar dg luka yg cukup dalam, setelah melakukan pertolongan pertama, bisaâ€¦ https://t.co/YMnPerqcCr",afrkml,afrkml
127,"@afrkml Ya kalo dibandingin ama zodiak ya jelas lebih akurat mbti wkwkw..

Kirain mo dibandingin tes lain ğŸ¤£",gopuuudd,afrkml
128,@afrkml kak rizal boleh share penanganan pertama klo dicakar kucingğŸ˜­ğŸ˜­ğŸ˜­ğŸ˜­,blissdyokyeom,afrkml
129,@afrkml Tp lama2 jd Barnum effect juga gak sih?,irhamnisa,afrkml
130,@afrkml Itu nasinya ngga kelembekan?,nayupratiwii,afrkml
131,@afrkml Itu sayur apa,yourdinnermate,afrkml
132,@afrkml Sini bagi ke gue wkwkwk,capripisscor,afrkml
133,"@afrkml sebagai orang yang suka bengong di kamar mandi, ini amat sangat relate wkwk lagi bengong tiba2 ada ide wkwk",riniKH,afrkml
134,@afrkml Kalo stifin percaya g bang?,adaspedah,afrkml
135,"@afrkml Makan gaboleh sisa, ayo habisin ğŸ˜ ",satudaribyksena,afrkml
136,@afrkml Kenapa operan jaga yg masih kepikiran ingetnya selalu di kamar mandi?,_geLLy_,afrkml
137,@afrkml Yap. Kadang pas cuci piring lagiğŸ¤¦â€â™€ï¸,dyahayuarimbi1,afrkml
138,"@afrkml Bener bgtttt. Pas keluar kamar mandi malah lupaaaaa--""",elvidalubis,afrkml
139,"@afrkml bbrp tahun lalu cek mbti, trs nyari tau tntang kepribadian yg kudapet, kaget hampir bener 99% ""lah iya ya kâ€¦ https://t.co/GzCxUjAclR",hayzlnadd,afrkml
140,@afrkml They share the same braincells :')),yunqishere,afrkml
141,"@afrkml Kalo dibandinginnya sama zodiak, sepakat. Tapi kalo dibandinginnya sama alat ukur kepribadian lain, prefer big 5 personality",AyodyaBestari,afrkml
142,@afrkml @puku_pukupawpaw Tuh kan aku bangett apalagi pas berak,moominjunkiw,afrkml
143,@afrkml lucas aja yg modelannya begitu ketemu wayv jd keliatan normal dia saking lawaknya itu grub ğŸ˜­ğŸ‘ŒğŸ»,minimoowz,afrkml
144,@afrkml Aku mbti brubah belakangnya aja dr intp-a jadi t,dii_md,afrkml
145,@afrkml ğŸ˜‚ğŸ˜‚,butiranpilus,afrkml
146,@afrkml Hahaha bener sih. Apalagi kalo ramalannya di buat sedemikian rupa biar sesuai sama apa yg orang lain harapin. Makin2 deh,zeezee_13,afrkml
147,"@afrkml Kirain typo, mati lbh akurat. ğŸ˜ƒ",edwin_basuki,afrkml
148,"@afrkml Bnr bgt sih, kyk lebih akurat mbti. Goldar tuh jatuhnya kek kita disugestiin buat ""eh iya bnr bgt ini gue bâ€¦ https://t.co/lnKFH1W9tj",peachblossomjun,afrkml
149,@afrkml Tp dari 4 personality yg DISC juga bisa kan,woollysenecio,afrkml
150,@afrkml SETUJU BANGEDD,AsrianiMutiara,afrkml
151,@afrkml Iya sih krna pengelompokannya jga lebih jelas,tikutikutika,afrkml
152,"@afrkml Bener, lagian itu hasil riset juga kan, terus dijadikan alat ukur. Make sense juga pertanyaan2nya, kompreheâ€¦ https://t.co/ScWuLr9gJ3",simplesmich,afrkml
153,@afrkml Mbti apa ?,katanya_tinggi,afrkml
154,@afrkml SETUJU SIH,chillnostress,afrkml
155,@afrkml W malah liatnya cringe bgt kl ada yg nyangkut2in behaviour sm zodiak ((skrg makin byk)) wkwk,butiranpilus,afrkml
156,@afrkml Klo mbti kan lebih banyak gitu variasi nya. Terus emang kaya mereka ngasi angket gitu kan. Kalo zodiak cumaâ€¦ https://t.co/ATBeNwlS6S,zeezee_13,afrkml
157,@afrkml mbti aku kok berubah ubah mulu apakah aku memiliki kepribadian ganda ğŸ˜ğŸ˜ğŸ˜,starleitt,afrkml
158,@afrkml Betul,sutopolegowo,afrkml
159,@afrkml Aku estp ğŸ’«,woollysenecio,afrkml
160,@afrkml Setuju banget sihh,AnitaRamawati,afrkml
161,@afrkml @INFJfamily Kenapa aku punya insting kalo ners ini adminnya ya ehehe,mattefoundie,afrkml
162,"@afrkml Karena ketika kita mengeluarkan sesuatu, kita menerima sesuatu, hahayyy",Yourgoodfellas,afrkml
163,@afrkml Valid... Sebelnya kadang kalo udah keluar ada aja yang kelupaan dan jadinya nggak semantab yang dipikirkanâ€¦ https://t.co/8Nobm4YC7m,adillawk1,afrkml
164,@afrkml Terus pas keluar pintu kamar mandi langsung lupa tadi idenya apa ya,daunpepayaa,afrkml
165,@afrkml Oh iya ya,adinni_sani,afrkml
166,"@afrkml ğŸ˜‚ ya itu, menurut sy air itu sumber kehidupan. Jadi lahir hal2 baru karena dekat dgn sumber kehidupan ğŸ˜‚",herniisme,afrkml
167,"@afrkml Yes aku ga sendirian.

Heran juga sih kenapa ideku itu muncul kalo ga pas lagi pup, mandi, bahkan shalat. Aâ€¦ https://t.co/dgfD9hT79e",adinni_sani,afrkml
168,@afrkml SETUJU BANGET!!!!,elisawds,afrkml
169,@afrkml Bener2 mereka tuh bisa balikin mood gw yg ancur,jjenoleejeno,afrkml
170,"@afrkml Kalau aku pas keluar, hilang kecermelangannya. Jd ide yg biasa aja",Itaadandseguin,afrkml
171,@afrkml Karena dekat dengan air sebagai sumber kehidupan. Selain itu di situ juga ruangan tertutup yang privat. Jauâ€¦ https://t.co/rFG5Bmh2Jf,herniisme,afrkml
172,@afrkml 100% setuju ners makanya WayV jadi unit favoritku ğŸ˜­ bengekkk,iamgoregeous,afrkml
173,@afrkml Nature,NCTanakmama,afrkml
174,"@afrkml Bener bgttt,,",shturrfrkn,afrkml
175,@afrkml Mungkin dibantu sama jin penunggu kamar mandi kak haha,jaejohnismine,afrkml
176,@afrkml Pas di kamar mandi dan pas shalat hahahaha,blackholmes_,afrkml
177,@afrkml Aha Eureka!!!,SupriyantoA,afrkml
178,"@afrkml Tuh kan, ga cuma aku haha",salmaadilanisa_,afrkml
179,"@afrkml Laah kok ya bener? ğŸ˜‚ Masa, aku nemu topik penelitian pas mandi",dinamis_TIKA,afrkml
180,"@afrkml apalagi pas lagi berakk, ih ada aja ide ide baruu",xfucksin,afrkml
181,"@afrkml *sambil lempar botol sampo, sabun ke atas",dpratama_s,afrkml
182,@afrkml Pas keluar kmr mandi kadang idenya ikut larut bersama tokai gak sih :( suka gt,riznoo,afrkml
183,@afrkml Karena ada bisikan2 wkwk,kyaaaaaaatt,afrkml
184,"@afrkml Ya, krn (((saat berada di kamar mandi))) kt tampil apa adanya, kale. :)))",kuwungkuwung1,afrkml
185,"@afrkml apalagi oas lagi berakk, ih ada aja ide ide baruu",xfucksin,afrkml
186,@afrkml ngakak tapi emg iya,sturnussss_,afrkml
187,@afrkml terutama pas lagi poop,blueorangede,afrkml
188,@afrkml hsshshshs betul aneddğŸ¤§,jyscrumbs,afrkml
189,"@afrkml Kalo gak gitu, pas tengah malem baru muncul ide2 brilian",hanihanihann,afrkml
190,@afrkml Katanya kita perlu bosan biar ide-ide dateng. Sayangnya kita selalu punya cara biar gak bosan entah itu denâ€¦ https://t.co/IA2nD6TTjz,Yonyul2107,afrkml
191,"@afrkml Jadi bukan dengan ngopi buat dapet inspirasi kaya kata orang orang, tapi nongkrong di kamar mandi.",rezaspn,afrkml
192,"@afrkml Betul bgt ini apalagi kalau mau bikin lirik lagu, udah diinget inget, keluar kamar mandi jadi lupa, rasanyaâ€¦ https://t.co/r6p8UpF84h",andaajah4,afrkml
193,EUREKA!!! ğŸ˜­,afrkml,afrkml
194,"@afrkml Betul bgt auto bermunculan ide-ide, yg bawa hp kekamar mandi coba deh sekali-kali coba jgn bawa hp terus rasakan keajaiban ini",tapimaliaa,afrkml
195,@afrkml Makanya bawa hape biar sambil dicatet,ulijahra,afrkml
196,"@afrkml Atau pas sholat, abis selesai lupa lagi wkwk",yepposong,afrkml
197,"@afrkml nahh ituu... masih belum terpecahkan sampai skrang, ners.
tdi pagi d kamar mandi malah tetiba kepikiran topik skripsi",s_priantoo,afrkml
198,@afrkml Wkwkwk kamar mandi tuh emang ruang inspirasi,ewoolll97,afrkml
199,"@afrkml No, pas lagi khotbah jumat sampe rakaat 1 solat jumat",ukooook,afrkml
200,@afrkml Karena pd saat itu fokus kita ga bercabang cuman satu,hellosyalala,afrkml
201,"@afrkml Nahh iya kak, aku juga kemarin dapet ide buat bikin lagu dari kamar mandiğŸ˜‚ aku pernah sekilas baca artikelnâ€¦ https://t.co/elL2xmCoT4",natasyanath_,afrkml
202,@afrkml bener bgt gatau kenapağŸ˜­,hadzhalia,afrkml
203,@afrkml krn hening,andri_vo,afrkml
204,"@afrkml kadang di kamar mandi, yg parah kalo pas sholat tiba2 kepikiran topik skripsiğŸ˜­ğŸ˜­ğŸ˜­ğŸ˜­",kamsaahamida,afrkml
205,"@afrkml Betul, apalagi pas bab",alightlily,afrkml
206,@afrkml Bagi link hyung pen nonton juga wkwk,kisseuwin2,afrkml
207,"@afrkml Asli capek banget liat WayV tuh ğŸ˜‚
Lucas yang keliatan hyper di unit lain, pas di WayV ya malah keliatan kalâ€¦ https://t.co/9al9hBOfsI",_annyeongq,afrkml
208,"@afrkml Permisi kak numpang tugas
https://t.co/2sVoFEvWGq
Apakah kemanusiaan masih ada dimasa pandemi Covid19 ini?â€¦ https://t.co/CN7E7k22U5",meiwiiinn,afrkml
209,@afrkml @ulcraymax bener banget aih pelawak merangkap idol mereka mah,muthiinp,afrkml
210,@afrkml IKR! Ber7 gesrek semua ğŸ˜«,shfiqda,afrkml
211,@afrkml Pelawak berkedok Idol emang,ichbinnifa,afrkml
212,@afrkml Stan WayV for better futureğŸ˜­ğŸ’š,rheicul,afrkml
213,@afrkml Kerja part time-nya WayV yah jadi idol ğŸ˜‚. Gas sih kak nonton dream plan di daily ğŸ‘Œ,ckckck_12,afrkml
214,"@afrkml Hendery, Lucas, Xiaojun tolong mereka itu trio srimulat",rinaflyhi,afrkml
215,@afrkml Bobrok merek mahhh,nnssaaa_,afrkml
216,@afrkml kek nya emng WayV semua membernya pelawak deh wkwk,alveniabrilian1,afrkml
217,"@afrkml Thanks info, got this almost a week. May decreasing smokin rate can heal this",ryancaesaar,afrkml
218,@afrkml nontom dimana ners?mau nonton jugağŸ˜”,budakipa,afrkml
219,@afrkml Wkwkwk ğŸ˜‚,nabilah_unta,afrkml
220,@afrkml Selawak itu mereka sampe Lucas keliatan introvert,Kalambayung_,afrkml
221,"@afrkml Emang lawak bangetğŸ˜­ğŸ˜­ğŸ˜­ğŸ˜­ nonton wayvision ampe capek ketawa. Lucas yg heboh di nct, gatau kenapa di wayv jadi normal",ayundagkd,afrkml
222,@afrkml Aku nonton nct life yg mulai dr jepang gapernah sampe akhir eps tapi kalo dream plan sama wayvision itu khaâ€¦ https://t.co/PVjAhSqqni,yaudasily,afrkml
223,@afrkml Ten yang kalo di superm keliatan anak baik2 kalem gitu kalo di wayv jd prankster gitu tulungggg,syatirafa,afrkml
224,@afrkml Dahlah mereka itu emang lawak no debat ğŸ˜­ğŸ˜‚,nawaangg,afrkml
225,@afrkml Nonton apa eh,withlovezcy,afrkml
226,"@afrkml Nonton apa nih ners, dreamplan bukan?",pforpergilu,afrkml
227,@afrkml HAHAHHAAHHA YA KANNNN. Tempo hr ada yg komen abis nonton interaksi nct u  â€œxiaojun gemes yaaa anaknya pendiâ€¦ https://t.co/8YzqT0Pcyk,seccarlett,afrkml
228,@afrkml pelawak berkedok idolğŸ˜­,sayanailii,afrkml
229,@afrkml Wayv emng moodbooster banget sih kalo ngelawak ğŸ˜­,irohdvii,afrkml
230,@afrkml Dari awal ampe abis mah bengek ğŸ˜­,Zoeyadaire,afrkml
231,"RT @blackoguratcha_: @afrkml NAH IYAKAN. Jujur selawak lawaknya idol lain yg pernah kukenal, WayV tuh yg paling berasa lokalnya, paling berâ€¦",prestigecel,
232,@afrkml lawak semua tulungg:(( lucas hendery xiaojunğŸ˜­,sayarantang,afrkml
233,"@afrkml kan kan wkwkwk menghibur bgt. apalagi hendery, dia diem aja, bawaannya pgen ketawa, nih orang kenapa sih jadi idol ğŸ¤£",sofsofie_,afrkml
234,@afrkml Nontom reallity/variety apaaa ners????  Mau ngepoin wayv nihhhh,wannaneed24,afrkml
235,@afrkml EMAANGG IYAAAAAğŸ˜­ğŸ˜­,Dontmindmeee0,afrkml
236,@afrkml jadi inget ada yg bilang hendery masuk sm pengen jd pelawak ehh malah debut jd idolğŸ˜­ğŸ˜­,chvecha,afrkml
237,@afrkml nontonnya dimana kak,aiyveira_,afrkml
238,"@afrkml Aku pernah baca, Hendery cita2nya mau jd pelawak ğŸ˜­",2ndmetabolitwt,afrkml
239,@afrkml dlu hendery mau casting jdi pelawak malah,seowify,afrkml
240,"@afrkml AHAHAHHA, dreamplan yang nyembunyiin barang sih yang palingğŸ˜­ğŸ˜­ğŸ˜­ğŸ˜­",aiueonggun27,afrkml
241,"@afrkml NAH IYAKAN. Jujur selawak lawaknya idol lain yg pernah kukenal, WayV tuh yg paling berasa lokalnya, palingâ€¦ https://t.co/tkThhhVm4V",blackoguratcha_,afrkml
242,RT @rosieeeess: @afrkml @tubirfess 'suka kpop tanpa masuk fandom udah paling bener' setuju bgttt yaAllah,deeeaach,
243,@afrkml @sanantaftr Ners nanya dong. Hari keberapa ners nya swab setelah anosmia?  Maksud saya itu swab hari keberapa hasilnya negatif ya?,mikhaelpermanto,afrkml
244,@afrkml Yg penting gk ada koneksi fisik dg media yg bersifat penghantar. Cukup cabut koneksi langsung ke jalur PLNâ€¦ https://t.co/oEfRuHnwrd,EfendiSibarani,afrkml
245,@afrkml yaaaahhhh:(,callmehimawari,afrkml
246,@afrkml sssssssssssssssssssssssssssssssssssssssssssssssssssssssssssssssssssssssssssssssssssssssssssssssssssssssssssâ€¦ https://t.co/GMa5J9LaBA,cbkusuma_,afrkml
247,@afrkml kak klo senggang cek dm ya. MakasihğŸ˜­ğŸ˜­ğŸ˜­ğŸ˜­ğŸ˜­,blissdyokyeom,afrkml
248,@afrkml Iya harum ketek saya :v,piwdifs,afrkml
249,"@afrkml Saya malah, gk pernah main among us :'v gk ada temen wkwk",piwdifs,afrkml
250,@afrkml NOOOO:((((((((((((,thisplanetownme,afrkml
251,@afrkml Oh gitu ya Alhamdulillah tercerahkan (hampir panik) makasih ners ğŸ˜Š semoga lekas sembuh anosmianya ğŸ™,sanantaftr,afrkml
252,@afrkml ners saya udah seminggu lebih penciumannya hilang. Indikator sembuh dr covid apakah dengan kembali nya penciuman saya? Hehe ğŸ˜ŠğŸ™,sanantaftr,afrkml
253,@afrkml ko aku blm prnh main yaa hahaha,rfdtnns_,afrkml
254,@afrkml Biar kalo ilang gak nyesek2 amat ğŸ™ˆ,idhoen,afrkml
255,@afrkml Aku sudah tidak menemukan keasyikannya :(,hppnssweaver,afrkml
256,@afrkml Bahaya mas....soalnya aku bisa jejeritan gak karuan. Apalagi klo pesertanya ada yg latahan...bisa kacauuu âš¡ï¸âš¡ï¸,Wuri5helu,afrkml
257,@afrkml @aydimirp Ners pikiran kamu liar banget kek akuğŸ˜­ dari kecil selalu nethink tiap ada petir padahal di dalem rumah jg,heyssinz7,afrkml
258,"@afrkml Aku kalo kaya gtu sama ayah disuruh matiin laptop nyaa, hp pun jggg karena segitu takut nya huhu, janlupa izin wgwg",youknowwho0o_,afrkml
259,@afrkml Ya setidknya tau kalo sedang kena petir,sari_rossaliana,afrkml
260,@afrkml Kalo zoom meetingnya di bawah pohon ya bahaya banget sih ners...,JovanWilando,afrkml
261,"@afrkml Ners, aku nanya tentang luka gores kena aspal. Kenapa lukanya ada putih2 gitu ners? Wajar nggak?",def_nana,afrkml
262,"@afrkml Pake laptop cabut aja listriknya, klo desktop agak resiko kecuali colokan listriknya pake stabilizer",Adorikun,afrkml
263,@afrkml Emang iyaa suep kalo paket datanya idup bisa mengundang sambaran petirrr,ekalyptwos,afrkml
264,@afrkml Makanya dari tadi aku cari2 kok pinned twtnya gaada padahal mau baca heuu,shafinaadep,afrkml
265,@afrkml Aku belum baca semuaaa ğŸ˜­,fluffyney,afrkml
266,@afrkml Jgn d colokin ke listrik,southboy,afrkml
267,@afrkml Katanya sih selagi g sambil dicas tetep aman iy? Setau aku pernah baca berita org kesamber petir dalem rumaâ€¦ https://t.co/Pq0hKNskdK,Z___ara,afrkml
268,@afrkml Nggg sbnernya si karna first media kalo pas ujan dan abis ujan sering balak ners koneksinyağŸ˜‚,maulydew,afrkml
269,"@afrkml pernah bang 1x laptop lagsung mati, petirnya gede bgt. trus ada setrumnya kecil laptopnya. tp Alhamdulillahâ€¦ https://t.co/roNyve802a",plas_ps,afrkml
270,@afrkml Barusan telfon sambil charge hape lgs kesetrum. Buru2 copot charger,LidwinaMega,afrkml
271,"@afrkml Jgn pake wifi. Pake kuota data hp aja, jgn sambil di charger, jgn pake earphone, headphone, hpnya di taruh aja jgn dipegangin.",Syafira_Luthfia,afrkml
272,@afrkml Dahal aku banyak bookmark thread ners yang belum sempat kubacağŸ˜­,inianisaya,afrkml
273,"@afrkml Selama ngga sambil di charger, harusnya sih aman Ns.",nurmannawi,afrkml
274,@afrkml Kalo bisa jgn dipaksa nanti yg ada malah nggak fokus sm online meetingnya,aishviolette,afrkml
275,@afrkml Yes aku juga ada class online jam 17.30 gimana dooong,hikmahikkkk,afrkml
276,@afrkml Kalo pake wifi first media dan lg zoom pas ujan baday gini mending tetring biar aman. Dah tu paling bener.,maulydew,afrkml
277,"@afrkml Kalo make wifi berdoa aja ga kesamber itu internetnya, pengalaman yg udah2 wifi pd mati gegara geledek",rizkibambs,afrkml
278,"@afrkml Selama alat penangkal petirnya yg dipasang dirumah masih berfungsi, kayaknya nggak papa deh, tapi kl ngerasa was was sebaiknya jgn",aishviolette,afrkml
279,"@afrkml Kalo indoor relatif aman,  kalo semi outdoor, misal di teras rumah yg ada kanopi nya, yg tetep bisa lihat lâ€¦ https://t.co/jXjJtUOC60",aydimirp,afrkml
280,"@afrkml Belom ada jurnal yg bahas ini, masih amanğŸ¤£",whyhudi,afrkml
281,@afrkml Palingan mate,ekalyptwos,afrkml
282,"@afrkml Oh iya, bahaya kalau meeting zoomnya di bawah pohon pas ujan petir",enjangz,afrkml
283,"@afrkml Mungkin bisa berbahaya kalau meeting zoom pake HP sambil colok ke charger, sambil pake headset âš¡ï¸ğŸ˜³",ERIKaaik,afrkml
284,@afrkml He ada hubungannya kah?._.,mouttedemark,afrkml
285,"@afrkml bahaya mas, mending tutup aja jendelanya",liltianqi,afrkml
286,@afrkml Gak bahaya..,enjangz,afrkml
287,@afrkml ğŸ˜­ğŸ˜­ğŸ˜­ğŸ˜­ğŸ˜­ heh seriusan,Abrrrryim,afrkml
288,"@afrkml Hah, kok bisa zal?",wedhee,afrkml
289,@afrkml Bang aku meninggalkan jejak xixixi ğŸ¤­,TisueePaseo,afrkml
290,"@afrkml Ners, coba ke pencarian masukan keyword ""@awfariin ğŸ“Œ kesehatan"" inshaa Allah beberapa thread dr ners saya râ€¦ https://t.co/IXy7EVgbdP",awfariin,afrkml
291,@afrkml YAHHHH:(((((,salmairaaa,afrkml
292,@afrkml ners aku kehilangan cahayamu:(,dimassry_,afrkml
293,"@afrkml @mohansidenk @Kemenkumham_RI demi konten, liat aja ga ditanggepin yg pada minta take down.",atkorisk,afrkml
294,"@afrkml padahal lagi bikin materi untuk anak-anak murid dari thread P3K nya ğŸ˜­ btw, makasih yaa",_gwzd,afrkml
295,@afrkml Dan lupakan,SelaNikenP,afrkml
296,@afrkml Aku semalem mau reply twit juga gabisa,coffeeholic_dee,afrkml
297,@afrkml Puntenn kan saya sudah mandiii ğŸ’®,sari_rossaliana,afrkml
298,@afrkml NAH IYA!!!!,Lindalistyahrtn,afrkml
299,@afrkml Lha monggo diwiwiti mas hehe,retnokristiany,afrkml
300,"@afrkml Ners, numpang promo yaaa hehehe

https://t.co/UZyRMoLCdS

Terima kasiiih, semoga sehat dan bahagia selalu ğŸ¥°ğŸ¥°ğŸ˜‡ğŸ™",HappyJastip,afrkml
301,@afrkml @rezaspn Bener-bener threadnya ilang semua? Bukan thread kumpulan threads nya aja yg ilang?,unrealstranger,afrkml
302,"@afrkml Sapa, Bang???",unrealstranger,afrkml
303,@afrkml Baru sadar itu ada nama Jaeminnya,_jjeongjjaehyun,afrkml
304,@afrkml Ners izin share ğŸ™,fankooky,afrkml
305,"@afrkml ners, di like masih ada, tapi di pinned gaada :((( ya Tuhan, padahal suka banget bacain thread-threadnya ners :(((",itssparkling12,afrkml
306,@afrkml diaku masih ada ko bang,blushyrain,afrkml
307,@afrkml tergantung partner mainmu dadğŸ¤,azzhhfm,afrkml
308,@afrkml Aku juga suka faded in my last song,Indriapril26,afrkml
309,"@afrkml Balik lagi kooo, coba dicek lagi ners",treasurex17,afrkml
310,"@afrkml yo, siapa nih songwriternya? ajip benerğŸ˜‚",alyauuwww28,afrkml
311,@afrkml ğŸ˜±ğŸ˜”,adillawk1,afrkml
312,@afrkml apa apa apaaaaa,rozannah_ulaya,afrkml
313,RT @WongisJawanicus: @afrkml @sibambaang Ben kowe-kowe (lan aku) ora kewanen nyombongke awake dewe...,Wansetya5,
314,RT @sibambaang: @afrkml Masih bertanya-tanya. Apa tujuan dari penciptaan bintang2 di langit yang sangat banyak itu oleh Tuhan?,Wansetya5,
315,"RT @sibambaang: @afrkml Wadaw, apakah Tuhan punya sifat ituğŸ¤­",Wansetya5,
316,"@afrkml @cimolbasi_ @howtothink00 @akupulpy mas, ditanya coba dulu scroll coba dulu kejadiannya kapan? ditanya duluâ€¦ https://t.co/EtDxUF23jw",lightpurpleeee,afrkml
317,"@afrkml @cimolbasi_ @howtothink00 @akupulpy NAH SAMA JUGAKAN, lo udh menjudge gue bakal lakuin ngasih saran org untâ€¦ https://t.co/x7LMIljf3Z",lightpurpleeee,afrkml
318,@afrkml Semua Ners?,adillawk1,afrkml
319,@afrkml @cimolbasi_ @howtothink00 @akupulpy gini mas or mba. Mengingatkan disosmed sama kan mempermalukan. gini jugâ€¦ https://t.co/L30fzPYP35,lightpurpleeee,afrkml
320,"@afrkml @lightpurpleeee @howtothink00 @akupulpy Perlakuin semua cewe itu seperti ibu kita sendiri paham ga maksdnya , masya allah ini orang",cimolbasi_,afrkml
321,@afrkml Ya allah masih ada,sweetxgrass,afrkml
322,@afrkml Eh serius ?,sweetxgrass,afrkml
323,@afrkml @cimolbasi_ @howtothink00 @akupulpy wah oke gua jabanin. Gini mas or mba gue setuju kok lu blg gtu. Ga boleâ€¦ https://t.co/HuTl3PgI3a,lightpurpleeee,afrkml
324,"@afrkml @lightpurpleeee @howtothink00 @akupulpy Yaudah lu pukul ibu lu sana , berani ?",cimolbasi_,afrkml
325,"@afrkml @lightpurpleeee @howtothink00 @akupulpy Ente cewe apa cowo si ? Rewel amat perasaan -,-",cimolbasi_,afrkml
326,@ovo_id Adminnn bales dm,Kiyyaaana,ovo_id
327,"@ovo_id Minn, top up ovo bisa lewat indomaret ngga ya?",preciousmexz,ovo_id
328,@ovo_id kenapa ovo aku gabisa ya di apk grab? https://t.co/1FBwSRTUSc,puwermen,ovo_id
329,"@ovo_id admin yang budiman, ini jumlah maksimal total cashback yg didapat dr watsons itu berapa ya ?â€â€™ Tks https://t.co/Cmhc8FE0eM",889salmen,ovo_id
330,@ovo_id ovo lagi error buat transfer ke bank ya??? https://t.co/AWSGibOFZb,Aris_marcaida,ovo_id
331,@ovo_id maap min dm aku belom dibales,xibible,ovo_id
332,@ovo_id ok min,AbdullahMalabar,ovo_id
333,@ovo_id min jawab dm saya,yujjinwoo,ovo_id
334,"@ovo_id aneh bgt, asal nanya di ulang muluuu suruh ngirim
Nomor lama 
Nomor baru yang ingin digunakan
Nomor yang daâ€¦ https://t.co/KTPidMB2JG",dragul_,ovo_id
335,@ovo_id udah aku dm min,xibible,ovo_id
336,"@ovo_id iyaa min buruan dm hehe, cepet ga kalo aktivasi?",xibible,ovo_id
337,"@ovo_id @GrabID minn maap kan aku baru ganti nomor ovo sama grab, nah buat aktifin ovo di grab nya gmn yahh? udah câ€¦ https://t.co/2jxUXET7zy",xibible,ovo_id
338,@ovo_id cek dm dong:(,proximacrux,ovo_id
339,@ovo_id min top up ovo ga bisa di Indomaret?,arzp124,ovo_id
340,@ovo_id @erikahandoko Hy ovo. Tlg cek dm dong,LiliafriyeniJ,ovo_id
341,"@ovo_id knp aku nda bisa kirim duid? ("": Mna blm gjian njim("":",fanboynyaaexo,ovo_id
342,"@ovo_id Udah di DM, tapi ga ada jawaban, gelap2an deh sampe pagi.!",daudmuliia94,ovo_id
343,@ovo_id ini token saya kok ga masuk2 ya??,daudmuliia94,ovo_id
344,@ovo_id Bantu pengecekan paling ga dibantu,Yuan03216730,ovo_id
345,@ovo_id beli kuota axis 1.5gb 7 hari pake ovo belum masuk juga,Yuan03216730,ovo_id
346,@ovo_id cek dm min,ayotebakk,ovo_id
347,@ovo_id cek DM min,jabal_ahwa,ovo_id
348,"@ovo_id halo, saya baru isi saldo ovo via mbanking bca. Di bca transaksi sudah berhasil, di ovo, notifikasi bahwa sâ€¦ https://t.co/NmlnEuNTFF",FTHRRYNLD,ovo_id
349,@ovo_id Cek lagi min,rantofu,ovo_id
350,@ovo_id cek DM min ğŸ˜Š,rantofu,ovo_id
351,@ovo_id min cek dm dong,bicenery,ovo_id
352,"@ovo_id min gue beli kuota internet 3, 60ribu, saldo ketarik tapi kuota ga masuk dan status sudah berhasil, mohon bâ€¦ https://t.co/JxAXBoLM1t",bertovictor,ovo_id
353,"@ovo_id kak TY yang baik hatinya maaf tadi tlp nya ga kedengaran, tolong di hub kembali yaağŸ™ğŸ½âœ¨â¤ï¸",penquinnn_,ovo_id
354,"@ovo_id min cek dm:""",hansoheel,ovo_id
355,"@ovo_id Halo. Sore tadi saya baru beli paket internet melalui OVO, dan pembayaran dikatakan sudah berhasil. Tapi saâ€¦ https://t.co/VgDvGBSKC6",nidianikt,ovo_id
356,@ovo_id Kak hp sy gk bs log in perangkat penuh. Tlg cek dm,LiliafriyeniJ,ovo_id
357,"@ovo_id Tolong dicek lagi ya, terima kasih",slythgurl,ovo_id
358,@ovo_id Belum bisa buat transfer?,MMunirfm,ovo_id
359,"@ovo_id Segera di respon min..
Lelah televon udah 3hari respon nya masih lama... 
Mana setiap nlvon gonta ganti cs jd gk kelar",Manisitukamu,ovo_id
360,@ovo_id mohon cek dm ya,slythgurl,ovo_id
361,@ovo_id Tlog ceek email kak... Saya tidak bisa nerima transferan padahal saldo orang yg tf sudah berkurang,Manisitukamu,ovo_id
362,@ovo_id ayo segera di follow up jangan tanyain capture2 aja kapan selesainya ini,Novinto_arga,ovo_id
363,@ovo_id okay kak tolong di proses yaaâœ¨,penquinnn_,ovo_id
364,@ovo_id kak tolong di cek lagiğŸ˜£pls,penquinnn_,ovo_id
365,@ovo_id Cek email min,afwin_channel,ovo_id
366,"@ovo_id Siap-siap doang, ga di bales pfft",ndalusetiaji,ovo_id
367,@ovo_id Bales dm,ndalusetiaji,ovo_id
368,@ovo_id Kak tlong bantu mw ubah no hp. Cek dm nya y kak,LiliafriyeniJ,ovo_id
369,@ovo_id Tlong cek dm kak ya,LiliafriyeniJ,ovo_id
370,@ovo_id Tolong cek dm kak. Mau pindah kartu,LiliafriyeniJ,ovo_id
371,@ovo_id Tlong cek dm kak,LiliafriyeniJ,ovo_id
372,@ovo_id cek dm min,evrybodychg,ovo_id
373,"@ovo_id Ga ada satu pun diatas Min

Layar hp gw rusak karena

1. Digigit sama anak gw
Dan
2. Dilempar batu sama anaâ€¦ https://t.co/2I6kfGP1Mp",mulyana_riska,ovo_id
374,@ovo_id cek dm,ndalusetiaji,ovo_id
375,@ovo_id halo kno aplikasi ovo saya error ya? G bs sign in jg g bs masuk jg pake passwordnya,buletmadu,ovo_id
376,@ovo_id Belom di respon min.,ndalusetiaji,ovo_id
377,"@ovo_id @rachmanabdu76 Saya Berkedala kok, gaib aja uang nya gtau kemana",awylep,ovo_id
378,"@ovo_id Sudah, tolong cek dm ku ya Kak.",kooniaz,ovo_id
379,@ovo_id cek dm min,hamiind,ovo_id
380,@ovo_id buka dm min,arapsvta,ovo_id
381,@ovo_id kak kalo kaya gini gimana ya? Saya masih pakai hp lama juga https://t.co/nopxyJ5vfh,kooniaz,ovo_id
382,"Tapi layar HP udah terlanjur rusak, jadi gimana dong? 

Nah mulai sekarang hindari kebiasaan itu ya, dan biar lebihâ€¦ https://t.co/33Th97Vx3G",ovo_id,ovo_id
383,@ovo_id datanya sdh lengkap kukirim di dm ya kak~!:)),penquinnn_,ovo_id
384,@ovo_id cek dm min,ndalusetiaji,ovo_id
385,"@ovo_id tolong dm ku di baca dan dibalas ya mimin, need help ASAP huhu :(",penquinnn_,ovo_id
386,@ovo_id min cek dm:),amllptryn,ovo_id
387,@ovo_id okee minn,allynkiz,ovo_id
388,"@ovo_id hi min, tolong cek dm.. terimakasih",Kaanisa_,ovo_id
389,"@ovo_id haloo admin, cek DM ya.",auleenesia,ovo_id
390,@ovo_id bisa dicek kan ya? Kenapa akun ovo premium saya terblokir?,Randycarlos10,ovo_id
391,"@ovo_id Cdm lagi min:""",hansoheel,ovo_id
392,@ovo_id Cdm min,hansoheel,ovo_id
393,@ovo_id min jawab dm ku ya,dearrjee,ovo_id
394,"@ovo_id mau tanya, saya ada transaksi ke qris, saldo saya terpotong dan transaksi berhasil tapi kenapa di qrisnya gâ€¦ https://t.co/2YDEPqeJ8L",hansoheel,ovo_id
395,@ovo_id Cek dm lagi,M_Faisal15,ovo_id
396,"@ovo_id saya hendak melakukan penutupan akun ovo tetapi cs tidak bisa dihubungi dari pagi , panggilan tersambung seâ€¦ https://t.co/tIKXjtDzXg",M_Faisal15,ovo_id
397,@ovo_id Cek dm,M_Faisal15,ovo_id
398,@ovo_id mohon cek dmnya admin,SupertipsI,ovo_id
399,@ovo_id ceo dm ka,SupertipsI,ovo_id
400,@ovo_id Mana kak saya gak terima DM,Pirjinya,ovo_id
401,@ovo_id bantu respon lagi kak,geeekkkk,ovo_id
402,"@ovo_id mohon bantuannya , kenapa setiap saya telpon cs ovo selalu tidak ada respon?

Saya hendak menutup akun milik saya",M_Faisal15,ovo_id
403,@ovo_id Iya,Pirjinya,ovo_id
404,"@ovo_id KALO NGASIH SOLUSI TUH YG SOLUTIF, COBA CEK SEMUANYA GA CUMA SAYA DOANG YG ADA KENDALA TRANSFER, SARANNYA Sâ€¦ https://t.co/diHNDZ1g2b",with_caree,ovo_id
405,@ovo_id @vexanwa Cek dm dong,geeekkkk,ovo_id
406,"@ovo_id @SMinoz03 Kendalanya sama suruh uninstall trus install lagi tapi ga ada perubahan, koneksi no problem, toloâ€¦ https://t.co/MOrmy51SEi",with_caree,ovo_id
407,"@ovo_id @rachmanabdu76 Bukan cuma saya aja ternyata, sarannya suruh install ulang ovonya, TAPI GA ADA PERUBAHAN WOYâ€¦ https://t.co/hZnhRPIowr",with_caree,ovo_id
408,@ovo_id Daritadi mau transfer begini mulu https://t.co/COezca6Tjd,Pirjinya,ovo_id
409,@ovo_id oke udah dibales,amllptryn,ovo_id
410,@ovo_id Cek dm lagi kak belum solving nih,with_caree,ovo_id
411,@ovo_id bales dm please &gt;&lt;,amllptryn,ovo_id
412,"@ovo_id maaf kak, mau update ke ovo premier kok gagal trus ya",NovaParamytha,ovo_id
413,@ovo_id sippâ¤ï¸,yyuiirh,ovo_id
414,@ovo_id cek dm plis:(,yyuiirh,ovo_id
415,@ovo_id plis respon DM dong.,bukanhaloanisa,ovo_id
416,@ovo_id Mana nih responnya lagi???kok diem2 baeeee hhhmmmm,with_caree,ovo_id
417,@ovo_id transfer ovo ke bank apa sudah bisa min?,rachmanabdu76,ovo_id
418,"@ovo_id halo saya mau isi ovo kok ngga bisa, kenapa ya? https://t.co/tayLjOxMcM",mesisceres,ovo_id
419,@ovo_id min bisa tdk akun ovo kita login ke hp lain? Soalnya aku mau upgrade tp kamera belakangku ga bisa foto ktpâ€¦ https://t.co/bQMxzMOqgA,dearrjee,ovo_id
420,@ovo_id boong mulu ga ada notif masuk,hellosyfa,ovo_id
421,"@ovo_id min dm nya bales dong, mayan 20ribu buat beli ksk ama ciki itu aduh ğŸ˜­",hellosyfa,ovo_id
422,"@ovo_id Belum ada respon dari @ovo_id, layanan lambat begini bagaimana bisa dipercaya?",edi_twit,ovo_id
423,"@ovo_id Kok bnyk yg komplain gini sih, ada apa dengan ovo, dm saya blm dibalas lagi",ahaetami14,ovo_id
424,"@ovo_id Sudah satu minggu min dari tanggal 8. Sekarang tanggal 16, berapa lama lagi min saya harus nunggu dananya masuk",dexahem78,ovo_id
425,@ovo_id telfon sblm jam 10 dong kak plis,Sintadefa1,ovo_id
426,@ovo_id dm,Sintadefa1,ovo_id
427,"@ovo_id Cek DM min, kasusnya sama nih mau seminggu ga busa topup",jejaksijabrig,ovo_id
428,"@ovo_id Hai admin, ini sudah lewat 5 hari kerja, kok dana dari kartu prakerja belum masuk juga akun ovo saya.",dexahem78,ovo_id
429,@ovo_id min cek dm,Sintadefa1,ovo_id
430,"@ovo_id Min, beli hp pake ovo point d tokped bisa ga min? ğŸ¤”",Blaklaiv,ovo_id
431,@ovo_id cek dm min. tks,wibiiw,ovo_id
432,"@ovo_id min, kok aku coba top up OVO by mbanking BCA ket transaksi gagal ya ? Apa sdg ada kendala ?",jntsy8,ovo_id
433,@ovo_id Cek dm lagi ya minğŸ™,kayixfy,ovo_id
434,@ovo_id cek dm kak penting,SupertipsI,ovo_id
435,@ovo_id Terima kasih responnya cepat sekali â¤,xajyux,ovo_id
436,@ovo_id Please cek dm,xajyux,ovo_id
437,@ovo_id Ok mana hyung kasian tetangga saya hyung ğŸ™ˆ,FebriyaniFifi,ovo_id
438,"@ovo_id Halo ovo, kenapa pembayaran di sociolla tidak masuk ke notif dan tidak bisa melakukan pembayaran?",xajyux,ovo_id
439,@ovo_id Tolong bls lg ya ka soalnya kasian tetangga saya listriknya mati,FebriyaniFifi,ovo_id
440,@ovo_id hi please check DM thank you,FebriyaniFifi,ovo_id
441,"@ovo_id Wah ini lucu banget Mystery box nya ğŸ˜

Saya sudah Ikutan ğŸ¤ª
Semoga mimin berkenan mampir ke profil IG saya &amp;â€¦ https://t.co/tn5tk9h8qy",dieliatin,ovo_id
442,"@ovo_id Udah dong!ğŸ˜š

Biasanya beli Cash PB ğŸ˜
Beli Voucher Game Dengan @ovo_id 
â€¢ Praktis
â€¢ Cepat
â€¢ 100% Aman. https://t.co/mD0CJIQSVr",dieliatin,ovo_id
443,@ovo_id sekarang ovo ga kerjasama sama indom&amp;alfa min. Tadi susah banget mau isi saldo.,adyputra14,ovo_id
444,@ovo_id Boleh min.. perlu info apa aja?,KforKoston,ovo_id
445,@ovo_id Makan aja tuh saldo.,Aswintripang,ovo_id
446,@ovo_id Halo sudah saya dm yaaa. Mohon ditindak lanjutiğŸ’–ğŸ™,norvifazriyah,ovo_id
447,@ovo_id cek dm min,kayixfy,ovo_id
448,@ovo_id cek DM min,Maddy_rief,ovo_id
449,@ovo_id cek dm dong kak ğŸ™ƒ,FakihRG,ovo_id
450,@ovo_id cek dm yaa min,yyuiirh,ovo_id
451,"@ovo_id Cek dm ya, jangan template...",with_caree,ovo_id
452,@ovo_id ovo error ya?,yyuiirh,ovo_id
453,@ovo_id min tadi Saya top up ovo via bni berhasil.. tp saldo ovo belom nambah sampe sekarang,KforKoston,ovo_id
454,@ovo_id @digituaja Kok saldo Ovo saya di akun Grab lepas (kosong) ya padahal kalau liat di aplikasi Ovo masih ada banyak,widodobud1,ovo_id
455,"@ovo_id min kok ga bisa transfer ke bank yaaa..baru hari ini ga bisa transfernya, lagi gangguan kah?",with_caree,ovo_id
456,@ovo_id @digituaja Gangguan teroooss,m_zaky7,ovo_id
457,@ovo_id cek dm,seagulljungs,ovo_id
458,@ovo_id cek dm min,tengkerxxx,ovo_id
459,@ovo_id min bales dm,hellosyfa,ovo_id
460,@ovo_id tolong responnya ya dengan sangatğŸ™ğŸ» https://t.co/A16TolOevk,sweetcreaatures,ovo_id
461,"@ovo_id hasil berburu kesbek tokped pake ovo selama 2minggu, sebagiannya udah dibelanjain lagi. lopyu ovo ğŸ’ğŸ’ğŸ’ https://t.co/QcVVQobh7n",maunikahsaja,ovo_id
462,"@ovo_id minn, dm-ku balas lagii, belum selesai, nih, butuh banget padahal tapi pelayanannya terkesan buru buru ğŸ˜­ğŸ’”",wangyireond,ovo_id
463,@ovo_id Siap min makasih. Semoga bisa diproses dengan cepat ya soalnya saya lagi bener bener butuh uangnya sekarang,kokhumi,ovo_id
464,@ovo_id cek dm ya min,hasbiyusri,ovo_id
465,@ovo_id admin tolong cek dm ya,kokhumi,ovo_id
466,@ovo_id min tlong cek dm ya.,Vhiozie,ovo_id
467,"@ovo_id Sudah di DM gak ada balasan juga, jaman digital begini lambat banget proses nya @ovo_id",edi_twit,ovo_id
468,@ovo_id Ah tau ah dm dm dm. No respon,SMinoz03,ovo_id
469,@ovo_id JADI GABISA TF GINIğŸ˜¡ğŸ˜¡ğŸ˜¡ğŸ˜¡ https://t.co/ALbkWqCiJm,SMinoz03,ovo_id
470,@ovo_id Sudah saya DM.,rriiccaca,ovo_id
471,"@ovo_id Min, sya tranfer k bank gagal, trs pas sya login lagi masa password salah. Padahal passwordnya bener. Itu knpa yaaa",karmi1994,ovo_id
472,@ovo_id Min cek dm,Indra18046307,ovo_id
473,@ovo_id BENERÂ² YE.. TOLONG LAH BANTU!! GAK ADA SOLUSI BGT SIH!! OTP TELAT MULU GILIRAN DIMASUKIN EROR! BENERÂ² LELET OVO.. RATING 1,SMinoz03,ovo_id
474,"@ovo_id owalah... 
tapi klo pindah device bisa kan ya?
dari hp lama ke hp baru?
apakah akan ada autentikasi lg?",arsyadiahmad,ovo_id
475,"@ovo_id apa ovo bisa tarik tunai/Seperti @gopayindonesia ?
Apa kartu ovo hicard, kartu ovo matahari, bisa untuk tarâ€¦ https://t.co/fvECXV6HI7",subhannugraha,ovo_id
476,@ovo_id Mana di dm juga responnya gitu doangğŸ˜¡ gk ngebantu,SMinoz03,ovo_id
477,@ovo_id Sudah gais,zinufly,ovo_id
478,@ovo_id Cek,edwinlab,ovo_id
479,"@ovo_id min
saya punya 1 akun ovo
bisa ngga login di 2 hp yg berbeda?
terimakasih",arsyadiahmad,ovo_id
480,@ovo_id Mobile legend,witwiiw,ovo_id
481,"@ovo_id Halo admin, Saya jual ovo invest Saya sejak tanggal 13 belum ada Dana masuk. Kenapa ya? Mohon dibantu. Thank you",witwiiw,ovo_id
482,@ovo_id sudah ya kak boleh di cek lagi dm nya,nabilasap,ovo_id
483,"@ovo_id TOLONG YA OVO BENERÂ² BIKIN EMOSI.. UDH BERAPA KALI MINTA KODE OTP, SALPE DISURU NUNGGU BERKALI KALI DARI JAâ€¦ https://t.co/4fwuvmArHl",SMinoz03,ovo_id
484,@ovo_id Udah gais,zinufly,ovo_id
485,@ovo_id Oke hayuk dm duluan gih,zinufly,ovo_id
486,@ovo_id ovo error ya? aku topup kak gamasuk pdhl saldo udah kepotong,bechasi,ovo_id
487,@ovo_id gais lagi error kah? Kok transfer gagal teros,zinufly,ovo_id
488,"@ovo_id Halo @ovo_id , sudah 1 x 24 jam pengajuan buka blokir masih belum bisa nih ...",edi_twit,ovo_id
489,@ovo_id Cek,taylorthegrande,ovo_id
490,@ovo_id gangguan kah ga bisa topup,taylorthegrande,ovo_id
491,"@ovo_id ingin mengajukan permohonan perubahan data do ovo, 

Nomor baru : 
089673500879

Nomor yang dapat di hubungâ€¦ https://t.co/nxdxCGvu9R",Xd063,ovo_id
492,@ovo_id sudah min tolong dicek,perangkaiaksara,ovo_id
493,@ovo_id Cek dm min,Indra18046307,ovo_id
494,@ovo_id min cashback dari pembelian unipin voucher saya sudah lebih dari 3 x 24 jam belum masuk nih. mohon bantuannya terima kasih.,perangkaiaksara,ovo_id
495,@ovo_id Cepet dong. Urgent,SMinoz03,ovo_id
496,@ovo_id Sudah,windoyable,ovo_id
497,@ovo_id CEK DM GC,SMinoz03,ovo_id
498,@ovo_id MIN KOK KODE OTP GAK KE KIRIM. JADI GABISA LOGIN?,SMinoz03,ovo_id
499,"@ovo_id Kakk, kapan mau dibalas ini?? :(",mhisreading,ovo_id
500,"@ovo_id admin, jangan lupa balas dm-ku lagi, yağŸ¥º",wangyireond,ovo_id
501,@ovo_id min no hp yg kedaftar premium ovo uda hangus... Gimana ya min?,ZilongCao,ovo_id
502,@ovo_id cek dm saya min,pudingpuyo,ovo_id
503,@ovo_id cek DM min. Urgent. Tq,Masani06,ovo_id
504,@ovo_id Setiap kali minta data yg kemaren2 uda dikasih berkali kali kemana aja ya?? Kalau nggak niat kembalikan ya terus terang aja.,Aswintripang,ovo_id
505,"RT @irwanholaholo: @ovo_id tolong dong min akun OVO ibu saya atas nama Tularwati dengan nomer 085713489548 kenapa keblokir? ğŸ˜­
saldo ada 252â€¦",oohadip,
506,@ovo_id sudah aku dm yah ka,ayumuliad_,ovo_id
507,@ovo_id aku isi pulsa ko gamasuk2 ya?,ayumuliad_,ovo_id
508,"@ovo_id Tolong dong dibales, kalau emang gabisa fast respon minimal ada nomor cs yang bisa saya hubungin. Tolong bgt, thankyou",Faridaelitad,ovo_id
509,@ovo_id Done. Cek DM,nosedive90,ovo_id
510,@ovo_id ini masih error apa gimana? Kode nya tidak masuk2. Dan tidak bisa loggin sama sekali https://t.co/KyyEOW4Fz4,nosedive90,ovo_id
511,@ovo_id kak ovo bales dm aku dong.,rodhatula_,ovo_id
512,"@ovo_id halo, tolong cek dm ya utk kelanjutan problem di akun ovo sy tadi:(((",hamzeens,ovo_id
513,@ovo_id cek dm min saya topup saldo tapi ga masuk,ilhambagas14,ovo_id
514,@ovo_id Dm ka,bebygurlssss,ovo_id
515,@ovo_id cek dm,bebygurlssss,ovo_id
516,"@ovo_id 

Wtf is this, we're paying for buying stuff from YOUR dispenser and you have the audacity to put in advertâ€¦ https://t.co/eyEDjvZuMT",foogwa14,ovo_id
517,"@ovo_id Oke Kak, OTW cek DM. Thank you. ^T",ccseptian,ovo_id
518,@ovo_id Cek dm kak,Mbaz_bolang,ovo_id
519,@ovo_id Ovo maksimal top up / isi saldo perhari brp juta ya?,RatuAyu98857651,ovo_id
520,"@ovo_id Done Kak, mohon dibales ya dmnya",Faridaelitad,ovo_id
521,@ovo_id Mohon dibalas ya Min,Faridaelitad,ovo_id
522,@ovo_id Done,Faridaelitad,ovo_id
523,"@ovo_id min, saya mau bayar First Media lewat OVO kok gabisa ya? Udah coba di 2 akun yang beda",22Sxlena,ovo_id
524,@ovo_id dah baru masup,kecengklaq,ovo_id
525,@ovo_id halo min kalau kaya gini kenapa ya? Saya telfon csnya jg gabisa. Urgent https://t.co/yZCq7GRSyw,Faridaelitad,ovo_id
